"Id";"Name";"Type";"Chiralium";"Attack";"Defense";"Delivery";"Description";"Effect";"Behavior";"Strength"
"generic-013";"Courier of the Black Coast";"Porter";"1";"1";"2";"1";"One more step toward connecting people beyond the horizon.";"From your next turn, tap: 1d6 + equipment ≥ route grants 1 point(s).";"0";"0"
"generic-014";"Scout of the Black Coast";"Porter";"1";"2";"3";"1";"One more step toward connecting people beyond the horizon.";"From your next turn, tap: 1d6 + equipment ≥ route grants 1 point(s).";"0";"0"
"generic-016";"Guide of the Black Coast";"Porter";"1";"1";"3";"1";"One more step toward connecting people beyond the horizon.";"From your next turn, tap: 1d6 + equipment ≥ route grants 1 point(s).";"0";"0"
"generic-018";"Lookout of the Black Coast";"Porter";"1";"1";"3";"1";"One more step toward connecting people beyond the horizon.";"From your next turn, tap: 1d6 + equipment ≥ route grants 1 point(s).";"0";"0"
"generic-019";"Explorer of the Black Coast";"Porter";"1";"1";"2";"1";"One more step toward connecting people beyond the horizon.";"From your next turn, tap: 1d6 + equipment ≥ route grants 1 point(s).";"0";"0"
"generic-020";"Tracker of the Black Coast";"Porter";"1";"2";"3";"1";"One more step toward connecting people beyond the horizon.";"From your next turn, tap: 1d6 + equipment ≥ route grants 1 point(s).";"0";"0"
"generic-022";"Hauler of the Black Coast";"Porter";"1";"1";"3";"1";"One more step toward connecting people beyond the horizon.";"From your next turn, tap: 1d6 + equipment ≥ route grants 1 point(s).";"0";"0"
"generic-024";"Pioneer of the Black Coast";"Porter";"1";"1";"3";"1";"One more step toward connecting people beyond the horizon.";"From your next turn, tap: 1d6 + equipment ≥ route grants 1 point(s).";"0";"0"
"generic-025";"Wanderer of the Black Coast";"Porter";"1";"1";"2";"1";"One more step toward connecting people beyond the horizon.";"From your next turn, tap: 1d6 + equipment ≥ route grants 1 point(s).";"0";"0"
"generic-026";"Rescuer of the Black Coast";"Porter";"1";"2";"3";"1";"One more step toward connecting people beyond the horizon.";"From your next turn, tap: 1d6 + equipment ≥ route grants 1 point(s).";"0";"0"
"porter-002";"Rain Cartographer";"Porter";"1";"1";"3";"1";"She charts paths where there was only a storm.";"From your next turn, tap: 1d6 + equipment ≥ route grants 1 point(s).";"0";"0"
"equipment-001";"Echo Sensor";"Equipment";"1";"0";"2";"0";"The presence arrives before the signal.";"On the field: +1 to your delivery rolls. Equipment bonuses stack up to +3.";"6";"1"
"generic-010";"Crossing Boots";"Equipment";"1";"0";"2";"0";"A simple tool for crossing difficult terrain.";"On the field: +1 to your delivery rolls. Equipment bonuses stack up to +3.";"6";"1"
"generic-011";"Safety Rope";"Equipment";"1";"0";"2";"0";"A simple tool for crossing difficult terrain.";"On the field: +1 to your delivery rolls. Equipment bonuses stack up to +3.";"6";"1"
"generic-012";"Route Map";"Equipment";"1";"0";"2";"0";"A simple tool for crossing difficult terrain.";"On the field: +1 to your delivery rolls. Equipment bonuses stack up to +3.";"6";"1"
"generic-017";"Shelter of the Black Coast";"Structure";"1";"0";"4";"1";"A connection still stands among the ruins.";"From your next turn, tap: 1d6 + equipment ≥ route grants 1 point(s).";"0";"0"
"generic-023";"Bridge of the Black Coast";"Structure";"1";"0";"4";"1";"A connection still stands among the ruins.";"From your next turn, tap: 1d6 + equipment ≥ route grants 1 point(s).";"0";"0"
"event-001";"Timefall";"Event";"1";"0";"0";"0";"Each drop carries years that no one has lived.";"Global difficulty +1 until the next turn (range: 2–6).";"4";"1"
"event-003";"BT Territory";"Event";"1";"0";"0";"0";"Hold your breath. The silence is occupied.";"Global difficulty +1 until the next turn (range: 2–6).";"4";"1"
"generic-001";"Dense Fog";"Event";"1";"0";"0";"0";"Travel conditions change for every courier.";"Global difficulty +1 until the next turn (range: 2–6).";"4";"1"
"generic-002";"Crosswinds";"Event";"1";"0";"0";"0";"Travel conditions change for every courier.";"Global difficulty +1 until the next turn (range: 2–6).";"4";"1"
"generic-003";"Clear Passage";"Event";"1";"0";"0";"0";"Travel conditions change for every courier.";"Global difficulty -1 until the next turn (range: 2–6).";"5";"1"
"generic-004";"Flooded Route";"Event";"1";"0";"0";"0";"Travel conditions change for every courier.";"Global difficulty +1 until the next turn (range: 2–6).";"4";"1"
"generic-005";"Lost Signal";"Event";"1";"0";"0";"0";"Travel conditions change for every courier.";"Global difficulty +1 until the next turn (range: 2–6).";"4";"1"
"generic-006";"Unstable Ground";"Event";"1";"0";"0";"0";"Travel conditions change for every courier.";"Global difficulty +1 until the next turn (range: 2–6).";"4";"1"
"generic-007";"Clear Skies";"Event";"1";"0";"0";"0";"Travel conditions change for every courier.";"Global difficulty -1 until the next turn (range: 2–6).";"5";"1"
"generic-008";"High Tide";"Event";"1";"0";"0";"0";"Travel conditions change for every courier.";"Global difficulty +1 until the next turn (range: 2–6).";"4";"1"
"generic-009";"Unexpected Detour";"Event";"1";"0";"0";"0";"Travel conditions change for every courier.";"Global difficulty +1 until the next turn (range: 2–6).";"4";"1"
"generic-015";"Echo of the Black Coast";"Entity";"1";"1";"2";"1";"Not every delivery begins on the same side of the Beach.";"From your next turn, tap: 1d6 + equipment ≥ route grants 1 point(s).";"0";"0"
"generic-021";"Shadow of the Black Coast";"Entity";"1";"1";"2";"1";"Not every delivery begins on the same side of the Beach.";"From your next turn, tap: 1d6 + equipment ≥ route grants 1 point(s).";"0";"0"
"generic-042";"Navigator of the Black Coast";"Porter";"2";"1";"4";"1";"One more step toward connecting people beyond the horizon.";"From your next turn, tap: 1d6 + equipment ≥ route grants 1 point(s).";"0";"0"
"generic-044";"Guardian of the Black Coast";"Porter";"2";"3";"4";"1";"One more step toward connecting people beyond the horizon.";"From your next turn, tap: 1d6 + equipment ≥ route grants 1 point(s).";"0";"0"
"generic-045";"Surveyor of the Black Coast";"Porter";"2";"1";"3";"1";"One more step toward connecting people beyond the horizon.";"From your next turn, tap: 1d6 + equipment ≥ route grants 1 point(s).";"0";"0"
"generic-046";"Driver of the Black Coast";"Porter";"2";"2";"4";"1";"One more step toward connecting people beyond the horizon.";"From your next turn, tap: 1d6 + equipment ≥ route grants 1 point(s).";"0";"0"
"generic-048";"Veteran of the Black Coast";"Porter";"2";"1";"4";"1";"One more step toward connecting people beyond the horizon.";"From your next turn, tap: 1d6 + equipment ≥ route grants 1 point(s).";"0";"0"
"generic-050";"Courier of the Silent Valley";"Porter";"2";"3";"4";"1";"One more step toward connecting people beyond the horizon.";"From your next turn, tap: 1d6 + equipment ≥ route grants 1 point(s).";"0";"0"
"generic-051";"Scout of the Silent Valley";"Porter";"2";"1";"3";"1";"One more step toward connecting people beyond the horizon.";"From your next turn, tap: 1d6 + equipment ≥ route grants 1 point(s).";"0";"0"
"generic-052";"Guide of the Silent Valley";"Porter";"2";"2";"4";"1";"One more step toward connecting people beyond the horizon.";"From your next turn, tap: 1d6 + equipment ≥ route grants 1 point(s).";"0";"0"
"generic-054";"Lookout of the Silent Valley";"Porter";"2";"1";"4";"1";"One more step toward connecting people beyond the horizon.";"From your next turn, tap: 1d6 + equipment ≥ route grants 1 point(s).";"0";"0"
"generic-056";"Explorer of the Silent Valley";"Porter";"2";"3";"4";"1";"One more step toward connecting people beyond the horizon.";"From your next turn, tap: 1d6 + equipment ≥ route grants 1 point(s).";"0";"0"
"generic-057";"Tracker of the Silent Valley";"Porter";"2";"1";"3";"1";"One more step toward connecting people beyond the horizon.";"From your next turn, tap: 1d6 + equipment ≥ route grants 1 point(s).";"0";"0"
"generic-058";"Hauler of the Silent Valley";"Porter";"2";"2";"4";"1";"One more step toward connecting people beyond the horizon.";"From your next turn, tap: 1d6 + equipment ≥ route grants 1 point(s).";"0";"0"
"generic-060";"Pioneer of the Silent Valley";"Porter";"2";"1";"4";"1";"One more step toward connecting people beyond the horizon.";"From your next turn, tap: 1d6 + equipment ≥ route grants 1 point(s).";"0";"0"
"equipment-002";"Chiral Cargo";"Equipment";"2";"0";"3";"0";"Fragments of a world that can still be reunited.";"On the field: +1 to your delivery rolls. Equipment bonuses stack up to +3.";"6";"1"
"generic-034";"Rain Filter";"Equipment";"2";"0";"3";"0";"A simple tool for crossing difficult terrain.";"On the field: +1 to your delivery rolls. Equipment bonuses stack up to +3.";"6";"1"
"generic-035";"Insulated Cape";"Equipment";"2";"0";"3";"0";"A simple tool for crossing difficult terrain.";"On the field: +1 to your delivery rolls. Equipment bonuses stack up to +3.";"6";"1"
"generic-036";"Walking Staff";"Equipment";"2";"0";"3";"0";"A simple tool for crossing difficult terrain.";"On the field: +1 to your delivery rolls. Equipment bonuses stack up to +3.";"6";"1"
"generic-037";"Reinforced Backpack";"Equipment";"2";"0";"3";"0";"A simple tool for crossing difficult terrain.";"On the field: +1 to your delivery rolls. Equipment bonuses stack up to +3.";"6";"1"
"generic-038";"Cargo Stabilizer";"Equipment";"2";"0";"3";"0";"A simple tool for crossing difficult terrain.";"On the field: +1 to your delivery rolls. Equipment bonuses stack up to +3.";"6";"1"
"generic-039";"Folding Ladder";"Equipment";"2";"0";"3";"0";"A simple tool for crossing difficult terrain.";"On the field: +1 to your delivery rolls. Equipment bonuses stack up to +3.";"6";"1"
"generic-040";"Long-Range Radio";"Equipment";"2";"0";"3";"0";"A simple tool for crossing difficult terrain.";"On the field: +1 to your delivery rolls. Equipment bonuses stack up to +3.";"6";"1"
"generic-043";"Terminal of the Black Coast";"Structure";"2";"0";"5";"1";"A connection still stands among the ruins.";"From your next turn, tap: 1d6 + equipment ≥ route grants 1 point(s).";"0";"0"
"generic-049";"Beacon of the Black Coast";"Structure";"2";"0";"5";"1";"A connection still stands among the ruins.";"From your next turn, tap: 1d6 + equipment ≥ route grants 1 point(s).";"0";"0"
"generic-055";"Depot of the Black Coast";"Structure";"2";"0";"5";"1";"A connection still stands among the ruins.";"From your next turn, tap: 1d6 + equipment ≥ route grants 1 point(s).";"0";"0"
"event-002";"Forest Fire";"Event";"2";"0";"0";"0";"Fire finds even the forgotten paths.";"Global difficulty +1 until the next turn (range: 2–6).";"4";"1"
"generic-027";"Electrical Storm";"Event";"2";"0";"0";"0";"Travel conditions change for every courier.";"Global difficulty +1 until the next turn (range: 2–6).";"4";"1"
"generic-028";"Moment of Calm";"Event";"2";"0";"0";"0";"Travel conditions change for every courier.";"Global difficulty -1 until the next turn (range: 2–6).";"5";"1"
"generic-029";"Broken Bridges";"Event";"2";"0";"0";"0";"Travel conditions change for every courier.";"Global difficulty +1 until the next turn (range: 2–6).";"4";"1"
"generic-030";"Ash in the Air";"Event";"2";"0";"0";"0";"Travel conditions change for every courier.";"Global difficulty +1 until the next turn (range: 2–6).";"4";"1"
"generic-031";"Chiral Silence";"Event";"2";"0";"0";"0";"Travel conditions change for every courier.";"Global difficulty +1 until the next turn (range: 2–6).";"4";"1"
"generic-032";"Marked Trail";"Event";"2";"0";"0";"0";"Travel conditions change for every courier.";"Global difficulty -1 until the next turn (range: 2–6).";"5";"1"
"generic-033";"Strong Current";"Event";"2";"0";"0";"0";"Travel conditions change for every courier.";"Global difficulty +1 until the next turn (range: 2–6).";"4";"1"
"entity-002";"Submerged Voices";"Entity";"2";"2";"4";"1";"The ocean keeps every unanswered message.";"From your next turn, tap: 1d6 + equipment ≥ route grants 1 point(s).";"0";"0"
"generic-041";"Shade of the Black Coast";"Entity";"2";"3";"3";"1";"Not every delivery begins on the same side of the Beach.";"From your next turn, tap: 1d6 + equipment ≥ route grants 1 point(s).";"0";"0"
"generic-047";"Memory of the Black Coast";"Entity";"2";"3";"3";"1";"Not every delivery begins on the same side of the Beach.";"From your next turn, tap: 1d6 + equipment ≥ route grants 1 point(s).";"0";"0"
"generic-053";"Specter of the Black Coast";"Entity";"2";"3";"3";"1";"Not every delivery begins on the same side of the Beach.";"From your next turn, tap: 1d6 + equipment ≥ route grants 1 point(s).";"0";"0"
"generic-059";"Presence of the Black Coast";"Entity";"2";"3";"3";"1";"Not every delivery begins on the same side of the Beach.";"From your next turn, tap: 1d6 + equipment ≥ route grants 1 point(s).";"0";"0"
"generic-075";"Wanderer of the Silent Valley";"Porter";"3";"2";"4";"2";"One more step toward connecting people beyond the horizon.";"From your next turn, tap: 1d6 + equipment ≥ route grants 2 point(s).";"0";"0"
"generic-076";"Rescuer of the Silent Valley";"Porter";"3";"3";"5";"2";"One more step toward connecting people beyond the horizon.";"From your next turn, tap: 1d6 + equipment ≥ route grants 2 point(s).";"0";"0"
"generic-077";"Navigator of the Silent Valley";"Porter";"3";"4";"4";"2";"One more step toward connecting people beyond the horizon.";"From your next turn, tap: 1d6 + equipment ≥ route grants 2 point(s).";"0";"0"
"generic-079";"Guardian of the Silent Valley";"Porter";"3";"3";"4";"2";"One more step toward connecting people beyond the horizon.";"From your next turn, tap: 1d6 + equipment ≥ route grants 2 point(s).";"0";"0"
"generic-081";"Surveyor of the Silent Valley";"Porter";"3";"2";"4";"2";"One more step toward connecting people beyond the horizon.";"From your next turn, tap: 1d6 + equipment ≥ route grants 2 point(s).";"0";"0"
"generic-082";"Driver of the Silent Valley";"Porter";"3";"3";"5";"2";"One more step toward connecting people beyond the horizon.";"From your next turn, tap: 1d6 + equipment ≥ route grants 2 point(s).";"0";"0"
"generic-083";"Veteran of the Silent Valley";"Porter";"3";"4";"4";"2";"One more step toward connecting people beyond the horizon.";"From your next turn, tap: 1d6 + equipment ≥ route grants 2 point(s).";"0";"0"
"generic-085";"Courier of the Broken Ridge";"Porter";"3";"3";"4";"2";"One more step toward connecting people beyond the horizon.";"From your next turn, tap: 1d6 + equipment ≥ route grants 2 point(s).";"0";"0"
"generic-087";"Scout of the Broken Ridge";"Porter";"3";"2";"4";"2";"One more step toward connecting people beyond the horizon.";"From your next turn, tap: 1d6 + equipment ≥ route grants 2 point(s).";"0";"0"
"generic-088";"Guide of the Broken Ridge";"Porter";"3";"3";"5";"2";"One more step toward connecting people beyond the horizon.";"From your next turn, tap: 1d6 + equipment ≥ route grants 2 point(s).";"0";"0"
"generic-089";"Lookout of the Broken Ridge";"Porter";"3";"4";"4";"2";"One more step toward connecting people beyond the horizon.";"From your next turn, tap: 1d6 + equipment ≥ route grants 2 point(s).";"0";"0"
"generic-091";"Explorer of the Broken Ridge";"Porter";"3";"3";"4";"2";"One more step toward connecting people beyond the horizon.";"From your next turn, tap: 1d6 + equipment ≥ route grants 2 point(s).";"0";"0"
"generic-093";"Tracker of the Broken Ridge";"Porter";"3";"2";"4";"2";"One more step toward connecting people beyond the horizon.";"From your next turn, tap: 1d6 + equipment ≥ route grants 2 point(s).";"0";"0"
"generic-094";"Hauler of the Broken Ridge";"Porter";"3";"3";"5";"2";"One more step toward connecting people beyond the horizon.";"From your next turn, tap: 1d6 + equipment ≥ route grants 2 point(s).";"0";"0"
"generic-095";"Pioneer of the Broken Ridge";"Porter";"3";"4";"4";"2";"One more step toward connecting people beyond the horizon.";"From your next turn, tap: 1d6 + equipment ≥ route grants 2 point(s).";"0";"0"
"porter-001";"Last Courier";"Porter";"3";"2";"4";"2";"The last link between cities that have forgotten their names.";"From your next turn, tap: 1d6 + equipment ≥ route grants 2 point(s).";"0";"0"
"generic-069";"Magnetic Glove";"Equipment";"3";"0";"4";"0";"A simple tool for crossing difficult terrain.";"On the field: +2 to your delivery rolls. Equipment bonuses stack up to +3.";"6";"2"
"generic-070";"Protective Suit";"Equipment";"3";"0";"4";"0";"A simple tool for crossing difficult terrain.";"On the field: +2 to your delivery rolls. Equipment bonuses stack up to +3.";"6";"2"
"generic-071";"Portable Anchor";"Equipment";"3";"0";"4";"0";"A simple tool for crossing difficult terrain.";"On the field: +2 to your delivery rolls. Equipment bonuses stack up to +3.";"6";"2"
"generic-072";"Backup Battery";"Equipment";"3";"0";"4";"0";"A simple tool for crossing difficult terrain.";"On the field: +2 to your delivery rolls. Equipment bonuses stack up to +3.";"6";"2"
"generic-073";"Crossing Radar";"Equipment";"3";"0";"4";"0";"A simple tool for crossing difficult terrain.";"On the field: +2 to your delivery rolls. Equipment bonuses stack up to +3.";"6";"2"
"generic-074";"Outpost of the Black Coast";"Structure";"3";"0";"6";"2";"A connection still stands among the ruins.";"From your next turn, tap: 1d6 + equipment ≥ route grants 2 point(s).";"0";"0"
"generic-080";"Station of the Black Coast";"Structure";"3";"0";"6";"2";"A connection still stands among the ruins.";"From your next turn, tap: 1d6 + equipment ≥ route grants 2 point(s).";"0";"0"
"generic-086";"Tower of the Black Coast";"Structure";"3";"0";"6";"2";"A connection still stands among the ruins.";"From your next turn, tap: 1d6 + equipment ≥ route grants 2 point(s).";"0";"0"
"generic-092";"Shelter of the Silent Valley";"Structure";"3";"0";"6";"2";"A connection still stands among the ruins.";"From your next turn, tap: 1d6 + equipment ≥ route grants 2 point(s).";"0";"0"
"structure-001";"Silent Station";"Structure";"3";"0";"6";"2";"A light stays on for those still walking.";"From your next turn, tap: 1d6 + equipment ≥ route grants 2 point(s).";"0";"0"
"generic-061";"Rockslide";"Event";"3";"0";"0";"0";"Travel conditions change for every courier.";"Global difficulty +2 until the next turn (range: 2–6).";"4";"2"
"generic-062";"Obscured Horizon";"Event";"3";"0";"0";"0";"Travel conditions change for every courier.";"Global difficulty +2 until the next turn (range: 2–6).";"4";"2"
"generic-063";"Restored Path";"Event";"3";"0";"0";"0";"Travel conditions change for every courier.";"Global difficulty -2 until the next turn (range: 2–6).";"5";"2"
"generic-064";"Network Failure";"Event";"3";"0";"0";"0";"Travel conditions change for every courier.";"Global difficulty +2 until the next turn (range: 2–6).";"4";"2"
"generic-065";"Shower of Fragments";"Event";"3";"0";"0";"0";"Travel conditions change for every courier.";"Global difficulty +2 until the next turn (range: 2–6).";"4";"2"
"generic-066";"Frozen Crossing";"Event";"3";"0";"0";"0";"Travel conditions change for every courier.";"Global difficulty +2 until the next turn (range: 2–6).";"4";"2"
"generic-067";"Safe Corridor";"Event";"3";"0";"0";"0";"Travel conditions change for every courier.";"Global difficulty -2 until the next turn (range: 2–6).";"5";"2"
"generic-068";"Void on the Road";"Event";"3";"0";"0";"0";"Travel conditions change for every courier.";"Global difficulty +2 until the next turn (range: 2–6).";"4";"2"
"generic-078";"Vestige of the Black Coast";"Entity";"3";"2";"5";"2";"Not every delivery begins on the same side of the Beach.";"From your next turn, tap: 1d6 + equipment ≥ route grants 2 point(s).";"0";"0"
"generic-084";"Echo of the Silent Valley";"Entity";"3";"2";"5";"2";"Not every delivery begins on the same side of the Beach.";"From your next turn, tap: 1d6 + equipment ≥ route grants 2 point(s).";"0";"0"
"generic-090";"Shadow of the Silent Valley";"Entity";"3";"2";"5";"2";"Not every delivery begins on the same side of the Beach.";"From your next turn, tap: 1d6 + equipment ≥ route grants 2 point(s).";"0";"0"
"generic-096";"Shade of the Silent Valley";"Entity";"3";"2";"5";"2";"Not every delivery begins on the same side of the Beach.";"From your next turn, tap: 1d6 + equipment ≥ route grants 2 point(s).";"0";"0"
"generic-102";"Wanderer of the Broken Ridge";"Porter";"4";"3";"6";"2";"One more step toward connecting people beyond the horizon.";"From your next turn, tap: 1d6 + equipment ≥ route grants 2 point(s).";"0";"0"
"generic-104";"Rescuer of the Broken Ridge";"Porter";"4";"5";"6";"2";"One more step toward connecting people beyond the horizon.";"From your next turn, tap: 1d6 + equipment ≥ route grants 2 point(s).";"0";"0"
"generic-105";"Navigator of the Broken Ridge";"Porter";"4";"3";"5";"2";"One more step toward connecting people beyond the horizon.";"From your next turn, tap: 1d6 + equipment ≥ route grants 2 point(s).";"0";"0"
"generic-106";"Guardian of the Broken Ridge";"Porter";"4";"4";"6";"2";"One more step toward connecting people beyond the horizon.";"From your next turn, tap: 1d6 + equipment ≥ route grants 2 point(s).";"0";"0"
"generic-108";"Surveyor of the Broken Ridge";"Porter";"4";"3";"6";"2";"One more step toward connecting people beyond the horizon.";"From your next turn, tap: 1d6 + equipment ≥ route grants 2 point(s).";"0";"0"
"generic-110";"Driver of the Broken Ridge";"Porter";"4";"5";"6";"2";"One more step toward connecting people beyond the horizon.";"From your next turn, tap: 1d6 + equipment ≥ route grants 2 point(s).";"0";"0"
"generic-111";"Veteran of the Broken Ridge";"Porter";"4";"3";"5";"2";"One more step toward connecting people beyond the horizon.";"From your next turn, tap: 1d6 + equipment ≥ route grants 2 point(s).";"0";"0"
"generic-112";"Courier of the Gray Horizon";"Porter";"4";"4";"6";"2";"One more step toward connecting people beyond the horizon.";"From your next turn, tap: 1d6 + equipment ≥ route grants 2 point(s).";"0";"0"
"generic-114";"Scout of the Gray Horizon";"Porter";"4";"3";"6";"2";"One more step toward connecting people beyond the horizon.";"From your next turn, tap: 1d6 + equipment ≥ route grants 2 point(s).";"0";"0"
"generic-116";"Guide of the Gray Horizon";"Porter";"4";"5";"6";"2";"One more step toward connecting people beyond the horizon.";"From your next turn, tap: 1d6 + equipment ≥ route grants 2 point(s).";"0";"0"
"generic-117";"Lookout of the Gray Horizon";"Porter";"4";"3";"5";"2";"One more step toward connecting people beyond the horizon.";"From your next turn, tap: 1d6 + equipment ≥ route grants 2 point(s).";"0";"0"
"generic-118";"Explorer of the Gray Horizon";"Porter";"4";"4";"6";"2";"One more step toward connecting people beyond the horizon.";"From your next turn, tap: 1d6 + equipment ≥ route grants 2 point(s).";"0";"0"
"generic-120";"Tracker of the Gray Horizon";"Porter";"4";"3";"6";"2";"One more step toward connecting people beyond the horizon.";"From your next turn, tap: 1d6 + equipment ≥ route grants 2 point(s).";"0";"0"
"generic-122";"Hauler of the Gray Horizon";"Porter";"4";"5";"6";"2";"One more step toward connecting people beyond the horizon.";"From your next turn, tap: 1d6 + equipment ≥ route grants 2 point(s).";"0";"0"
"generic-123";"Pioneer of the Gray Horizon";"Porter";"4";"3";"5";"2";"One more step toward connecting people beyond the horizon.";"From your next turn, tap: 1d6 + equipment ≥ route grants 2 point(s).";"0";"0"
"generic-124";"Wanderer of the Gray Horizon";"Porter";"4";"4";"6";"2";"One more step toward connecting people beyond the horizon.";"From your next turn, tap: 1d6 + equipment ≥ route grants 2 point(s).";"0";"0"
"generic-126";"Rescuer of the Gray Horizon";"Porter";"4";"3";"6";"2";"One more step toward connecting people beyond the horizon.";"From your next turn, tap: 1d6 + equipment ≥ route grants 2 point(s).";"0";"0"
"generic-099";"Light Exoskeleton";"Equipment";"4";"0";"5";"0";"A simple tool for crossing difficult terrain.";"On the field: +2 to your delivery rolls. Equipment bonuses stack up to +3.";"6";"2"
"generic-100";"Navigation Kit";"Equipment";"4";"0";"5";"0";"A simple tool for crossing difficult terrain.";"On the field: +2 to your delivery rolls. Equipment bonuses stack up to +3.";"6";"2"
"generic-101";"Rescue Winch";"Equipment";"4";"0";"5";"0";"A simple tool for crossing difficult terrain.";"On the field: +2 to your delivery rolls. Equipment bonuses stack up to +3.";"6";"2"
"generic-103";"Bridge of the Silent Valley";"Structure";"4";"0";"7";"2";"A connection still stands among the ruins.";"From your next turn, tap: 1d6 + equipment ≥ route grants 2 point(s).";"0";"0"
"generic-109";"Terminal of the Silent Valley";"Structure";"4";"0";"7";"2";"A connection still stands among the ruins.";"From your next turn, tap: 1d6 + equipment ≥ route grants 2 point(s).";"0";"0"
"generic-115";"Beacon of the Silent Valley";"Structure";"4";"0";"7";"2";"A connection still stands among the ruins.";"From your next turn, tap: 1d6 + equipment ≥ route grants 2 point(s).";"0";"0"
"generic-121";"Depot of the Silent Valley";"Structure";"4";"0";"7";"2";"A connection still stands among the ruins.";"From your next turn, tap: 1d6 + equipment ≥ route grants 2 point(s).";"0";"0"
"generic-097";"Echo of the Storm";"Event";"4";"0";"0";"0";"Travel conditions change for every courier.";"Global difficulty +2 until the next turn (range: 2–6).";"4";"2"
"generic-098";"Fallen Antennas";"Event";"4";"0";"0";"0";"Travel conditions change for every courier.";"Global difficulty +2 until the next turn (range: 2–6).";"4";"2"
"entity-001";"Threshold Shade";"Entity";"4";"3";"5";"2";"Something on the other side also longs to arrive.";"From your next turn, tap: 1d6 + equipment ≥ route grants 2 point(s).";"0";"0"
"generic-107";"Memory of the Silent Valley";"Entity";"4";"5";"5";"2";"Not every delivery begins on the same side of the Beach.";"From your next turn, tap: 1d6 + equipment ≥ route grants 2 point(s).";"0";"0"
"generic-113";"Specter of the Silent Valley";"Entity";"4";"5";"5";"2";"Not every delivery begins on the same side of the Beach.";"From your next turn, tap: 1d6 + equipment ≥ route grants 2 point(s).";"0";"0"
"generic-119";"Presence of the Silent Valley";"Entity";"4";"5";"5";"2";"Not every delivery begins on the same side of the Beach.";"From your next turn, tap: 1d6 + equipment ≥ route grants 2 point(s).";"0";"0"
"generic-125";"Vestige of the Silent Valley";"Entity";"4";"5";"5";"2";"Not every delivery begins on the same side of the Beach.";"From your next turn, tap: 1d6 + equipment ≥ route grants 2 point(s).";"0";"0"
"generic-133";"Navigator of the Gray Horizon";"Porter";"5";"5";"6";"3";"One more step toward connecting people beyond the horizon.";"From your next turn, tap: 1d6 + equipment ≥ route grants 3 point(s).";"0";"0"
"generic-134";"Guardian of the Gray Horizon";"Porter";"5";"6";"7";"3";"One more step toward connecting people beyond the horizon.";"From your next turn, tap: 1d6 + equipment ≥ route grants 3 point(s).";"0";"0"
"generic-135";"Surveyor of the Gray Horizon";"Porter";"5";"4";"6";"3";"One more step toward connecting people beyond the horizon.";"From your next turn, tap: 1d6 + equipment ≥ route grants 3 point(s).";"0";"0"
"generic-137";"Driver of the Gray Horizon";"Porter";"5";"6";"6";"3";"One more step toward connecting people beyond the horizon.";"From your next turn, tap: 1d6 + equipment ≥ route grants 3 point(s).";"0";"0"
"generic-139";"Veteran of the Gray Horizon";"Porter";"5";"5";"6";"3";"One more step toward connecting people beyond the horizon.";"From your next turn, tap: 1d6 + equipment ≥ route grants 3 point(s).";"0";"0"
"generic-140";"Courier of the Last Station";"Porter";"5";"6";"7";"3";"One more step toward connecting people beyond the horizon.";"From your next turn, tap: 1d6 + equipment ≥ route grants 3 point(s).";"0";"0"
"generic-141";"Scout of the Last Station";"Porter";"5";"4";"6";"3";"One more step toward connecting people beyond the horizon.";"From your next turn, tap: 1d6 + equipment ≥ route grants 3 point(s).";"0";"0"
"generic-143";"Guide of the Last Station";"Porter";"5";"6";"6";"3";"One more step toward connecting people beyond the horizon.";"From your next turn, tap: 1d6 + equipment ≥ route grants 3 point(s).";"0";"0"
"generic-145";"Lookout of the Last Station";"Porter";"5";"5";"6";"3";"One more step toward connecting people beyond the horizon.";"From your next turn, tap: 1d6 + equipment ≥ route grants 3 point(s).";"0";"0"
"generic-146";"Explorer of the Last Station";"Porter";"5";"6";"7";"3";"One more step toward connecting people beyond the horizon.";"From your next turn, tap: 1d6 + equipment ≥ route grants 3 point(s).";"0";"0"
"generic-147";"Tracker of the Last Station";"Porter";"5";"4";"6";"3";"One more step toward connecting people beyond the horizon.";"From your next turn, tap: 1d6 + equipment ≥ route grants 3 point(s).";"0";"0"
"generic-149";"Hauler of the Last Station";"Porter";"5";"6";"6";"3";"One more step toward connecting people beyond the horizon.";"From your next turn, tap: 1d6 + equipment ≥ route grants 3 point(s).";"0";"0"
"generic-151";"Pioneer of the Last Station";"Porter";"5";"5";"6";"3";"One more step toward connecting people beyond the horizon.";"From your next turn, tap: 1d6 + equipment ≥ route grants 3 point(s).";"0";"0"
"generic-152";"Wanderer of the Last Station";"Porter";"5";"6";"7";"3";"One more step toward connecting people beyond the horizon.";"From your next turn, tap: 1d6 + equipment ≥ route grants 3 point(s).";"0";"0"
"generic-153";"Rescuer of the Last Station";"Porter";"5";"4";"6";"3";"One more step toward connecting people beyond the horizon.";"From your next turn, tap: 1d6 + equipment ≥ route grants 3 point(s).";"0";"0"
"generic-155";"Navigator of the Last Station";"Porter";"5";"6";"6";"3";"One more step toward connecting people beyond the horizon.";"From your next turn, tap: 1d6 + equipment ≥ route grants 3 point(s).";"0";"0"
"generic-132";"Outpost of the Silent Valley";"Structure";"5";"0";"8";"3";"A connection still stands among the ruins.";"From your next turn, tap: 1d6 + equipment ≥ route grants 3 point(s).";"0";"0"
"generic-138";"Station of the Silent Valley";"Structure";"5";"0";"8";"3";"A connection still stands among the ruins.";"From your next turn, tap: 1d6 + equipment ≥ route grants 3 point(s).";"0";"0"
"generic-144";"Tower of the Silent Valley";"Structure";"5";"0";"8";"3";"A connection still stands among the ruins.";"From your next turn, tap: 1d6 + equipment ≥ route grants 3 point(s).";"0";"0"
"generic-150";"Shelter of the Broken Ridge";"Structure";"5";"0";"8";"3";"A connection still stands among the ruins.";"From your next turn, tap: 1d6 + equipment ≥ route grants 3 point(s).";"0";"0"
"generic-127";"Beacons Alight";"Event";"5";"0";"0";"0";"Travel conditions change for every courier.";"Global difficulty -3 until the next turn (range: 2–6).";"5";"3"
"generic-128";"Signal Lost at Night";"Event";"5";"0";"0";"0";"Travel conditions change for every courier.";"Global difficulty +3 until the next turn (range: 2–6).";"4";"3"
"generic-129";"Airborne Sand";"Event";"5";"0";"0";"0";"Travel conditions change for every courier.";"Global difficulty +3 until the next turn (range: 2–6).";"4";"3"
"generic-130";"Mountain Rift";"Event";"5";"0";"0";"0";"Travel conditions change for every courier.";"Global difficulty +3 until the next turn (range: 2–6).";"4";"3"
"generic-131";"Regional Reconnection";"Event";"5";"0";"0";"0";"Travel conditions change for every courier.";"Global difficulty -3 until the next turn (range: 2–6).";"5";"3"
"generic-136";"Echo of the Broken Ridge";"Entity";"5";"5";"7";"3";"Not every delivery begins on the same side of the Beach.";"From your next turn, tap: 1d6 + equipment ≥ route grants 3 point(s).";"0";"0"
"generic-142";"Shadow of the Broken Ridge";"Entity";"5";"5";"7";"3";"Not every delivery begins on the same side of the Beach.";"From your next turn, tap: 1d6 + equipment ≥ route grants 3 point(s).";"0";"0"
"generic-148";"Shade of the Broken Ridge";"Entity";"5";"5";"7";"3";"Not every delivery begins on the same side of the Beach.";"From your next turn, tap: 1d6 + equipment ≥ route grants 3 point(s).";"0";"0"
"generic-154";"Memory of the Broken Ridge";"Entity";"5";"5";"7";"3";"Not every delivery begins on the same side of the Beach.";"From your next turn, tap: 1d6 + equipment ≥ route grants 3 point(s).";"0";"0"
"generic-157";"Guardian of the Last Station";"Porter";"6";"6";"7";"3";"One more step toward connecting people beyond the horizon.";"From your next turn, tap: 1d6 + equipment ≥ route grants 3 point(s).";"0";"0"
"generic-158";"Surveyor of the Last Station";"Porter";"6";"7";"8";"3";"One more step toward connecting people beyond the horizon.";"From your next turn, tap: 1d6 + equipment ≥ route grants 3 point(s).";"0";"0"
"generic-159";"Driver of the Last Station";"Porter";"6";"5";"7";"3";"One more step toward connecting people beyond the horizon.";"From your next turn, tap: 1d6 + equipment ≥ route grants 3 point(s).";"0";"0"
"generic-161";"Veteran of the Last Station";"Porter";"6";"7";"7";"3";"One more step toward connecting people beyond the horizon.";"From your next turn, tap: 1d6 + equipment ≥ route grants 3 point(s).";"0";"0"
"generic-163";"Courier of the Distant Shore";"Porter";"6";"6";"7";"3";"One more step toward connecting people beyond the horizon.";"From your next turn, tap: 1d6 + equipment ≥ route grants 3 point(s).";"0";"0"
"generic-164";"Scout of the Distant Shore";"Porter";"6";"7";"8";"3";"One more step toward connecting people beyond the horizon.";"From your next turn, tap: 1d6 + equipment ≥ route grants 3 point(s).";"0";"0"
"generic-165";"Guide of the Distant Shore";"Porter";"6";"5";"7";"3";"One more step toward connecting people beyond the horizon.";"From your next turn, tap: 1d6 + equipment ≥ route grants 3 point(s).";"0";"0"
"generic-167";"Lookout of the Distant Shore";"Porter";"6";"7";"7";"3";"One more step toward connecting people beyond the horizon.";"From your next turn, tap: 1d6 + equipment ≥ route grants 3 point(s).";"0";"0"
"generic-169";"Explorer of the Distant Shore";"Porter";"6";"6";"7";"3";"One more step toward connecting people beyond the horizon.";"From your next turn, tap: 1d6 + equipment ≥ route grants 3 point(s).";"0";"0"
"generic-170";"Tracker of the Distant Shore";"Porter";"6";"7";"8";"3";"One more step toward connecting people beyond the horizon.";"From your next turn, tap: 1d6 + equipment ≥ route grants 3 point(s).";"0";"0"
"generic-171";"Hauler of the Distant Shore";"Porter";"6";"5";"7";"3";"One more step toward connecting people beyond the horizon.";"From your next turn, tap: 1d6 + equipment ≥ route grants 3 point(s).";"0";"0"
"generic-173";"Pioneer of the Distant Shore";"Porter";"6";"7";"7";"3";"One more step toward connecting people beyond the horizon.";"From your next turn, tap: 1d6 + equipment ≥ route grants 3 point(s).";"0";"0"
"generic-156";"Bridge of the Broken Ridge";"Structure";"6";"0";"9";"3";"A connection still stands among the ruins.";"From your next turn, tap: 1d6 + equipment ≥ route grants 3 point(s).";"0";"0"
"generic-162";"Terminal of the Broken Ridge";"Structure";"6";"0";"9";"3";"A connection still stands among the ruins.";"From your next turn, tap: 1d6 + equipment ≥ route grants 3 point(s).";"0";"0"
"generic-168";"Beacon of the Broken Ridge";"Structure";"6";"0";"9";"3";"A connection still stands among the ruins.";"From your next turn, tap: 1d6 + equipment ≥ route grants 3 point(s).";"0";"0"
"generic-174";"Depot of the Broken Ridge";"Structure";"6";"0";"9";"3";"A connection still stands among the ruins.";"From your next turn, tap: 1d6 + equipment ≥ route grants 3 point(s).";"0";"0"
"generic-160";"Specter of the Broken Ridge";"Entity";"6";"6";"8";"3";"Not every delivery begins on the same side of the Beach.";"From your next turn, tap: 1d6 + equipment ≥ route grants 3 point(s).";"0";"0"
"generic-166";"Presence of the Broken Ridge";"Entity";"6";"6";"8";"3";"Not every delivery begins on the same side of the Beach.";"From your next turn, tap: 1d6 + equipment ≥ route grants 3 point(s).";"0";"0"
"generic-172";"Vestige of the Broken Ridge";"Entity";"6";"6";"8";"3";"Not every delivery begins on the same side of the Beach.";"From your next turn, tap: 1d6 + equipment ≥ route grants 3 point(s).";"0";"0"
"generic-176";"Wanderer of the Distant Shore";"Porter";"7";"8";"9";"4";"One more step toward connecting people beyond the horizon.";"From your next turn, tap: 1d6 + equipment ≥ route grants 4 point(s).";"0";"0"
"generic-177";"Rescuer of the Distant Shore";"Porter";"7";"6";"8";"4";"One more step toward connecting people beyond the horizon.";"From your next turn, tap: 1d6 + equipment ≥ route grants 4 point(s).";"0";"0"
"generic-178";"Navigator of the Distant Shore";"Porter";"7";"7";"9";"4";"One more step toward connecting people beyond the horizon.";"From your next turn, tap: 1d6 + equipment ≥ route grants 4 point(s).";"0";"0"
"generic-180";"Guardian of the Distant Shore";"Porter";"7";"6";"9";"4";"One more step toward connecting people beyond the horizon.";"From your next turn, tap: 1d6 + equipment ≥ route grants 4 point(s).";"0";"0"
"generic-182";"Surveyor of the Distant Shore";"Porter";"7";"8";"9";"4";"One more step toward connecting people beyond the horizon.";"From your next turn, tap: 1d6 + equipment ≥ route grants 4 point(s).";"0";"0"
"generic-181";"Outpost of the Broken Ridge";"Structure";"7";"0";"10";"4";"A connection still stands among the ruins.";"From your next turn, tap: 1d6 + equipment ≥ route grants 4 point(s).";"0";"0"
"generic-175";"Route Collapse";"Event";"7";"0";"0";"0";"Travel conditions change for every courier.";"Global difficulty +3 until the next turn (range: 2–6).";"4";"3"
"generic-179";"Echo of the Gray Horizon";"Entity";"7";"8";"8";"4";"Not every delivery begins on the same side of the Beach.";"From your next turn, tap: 1d6 + equipment ≥ route grants 4 point(s).";"0";"0"
"generic-183";"Shadow of the Gray Horizon";"Entity";"7";"6";"8";"4";"Not every delivery begins on the same side of the Beach.";"From your next turn, tap: 1d6 + equipment ≥ route grants 4 point(s).";"0";"0"
"generic-184";"Shade of the Gray Horizon";"Entity";"7";"7";"9";"4";"Not every delivery begins on the same side of the Beach.";"From your next turn, tap: 1d6 + equipment ≥ route grants 4 point(s).";"0";"0"
"generic-185";"Memory of the Gray Horizon";"Entity";"7";"8";"8";"4";"Not every delivery begins on the same side of the Beach.";"From your next turn, tap: 1d6 + equipment ≥ route grants 4 point(s).";"0";"0"
"generic-187";"Station of the Broken Ridge";"Structure";"8";"0";"11";"4";"A connection still stands among the ruins.";"From your next turn, tap: 1d6 + equipment ≥ route grants 4 point(s).";"0";"0"
"generic-186";"Specter of the Gray Horizon";"Entity";"8";"7";"10";"4";"Not every delivery begins on the same side of the Beach.";"From your next turn, tap: 1d6 + equipment ≥ route grants 4 point(s).";"0";"0"
"generic-188";"Presence of the Gray Horizon";"Entity";"8";"9";"10";"4";"Not every delivery begins on the same side of the Beach.";"From your next turn, tap: 1d6 + equipment ≥ route grants 4 point(s).";"0";"0"
"generic-189";"Vestige of the Gray Horizon";"Entity";"8";"7";"9";"4";"Not every delivery begins on the same side of the Beach.";"From your next turn, tap: 1d6 + equipment ≥ route grants 4 point(s).";"0";"0"
"generic-190";"Echo of the Last Station";"Entity";"8";"8";"10";"4";"Not every delivery begins on the same side of the Beach.";"From your next turn, tap: 1d6 + equipment ≥ route grants 4 point(s).";"0";"0"
"generic-191";"Shadow of the Last Station";"Entity";"8";"9";"9";"4";"Not every delivery begins on the same side of the Beach.";"From your next turn, tap: 1d6 + equipment ≥ route grants 4 point(s).";"0";"0"
"generic-192";"Shade of the Last Station";"Entity";"8";"7";"10";"4";"Not every delivery begins on the same side of the Beach.";"From your next turn, tap: 1d6 + equipment ≥ route grants 4 point(s).";"0";"0"
"generic-193";"Memory of the Last Station";"Entity";"8";"8";"9";"4";"Not every delivery begins on the same side of the Beach.";"From your next turn, tap: 1d6 + equipment ≥ route grants 4 point(s).";"0";"0"
"generic-194";"Specter of the Last Station";"Entity";"9";"10";"11";"5";"Not every delivery begins on the same side of the Beach.";"From your next turn, tap: 1d6 + equipment ≥ route grants 5 point(s).";"0";"0"